STATEFIPS	STATE	zipcode	agi_stub	N1	mars1	MARS2	MARS4	PREP	N2	NUMDEP	TOTAL_VITA	VITA	TCE	VITA_EIC	RAL	RAC	ELDERLY	A00100	N02650	A02650	N00200	A00200	N00300	A00300	N00600	A00600	N00650	A00650	N00700	A00700	N00900	A00900	N01000	A01000	N01400	A01400	N01700	A01700	SCHF	N02300	A02300	N02500	A02500	N26270	A26270	N02900	A02900	N03220	A03220	N03300	A03300	N03270	A03270	N03150	A03150	N03210	A03210	N03230	A03230	N03240	A03240	N04470	A04470	A00101	N18425	A18425	N18450	A18450	N18500	A18500	N18300	A18300	N19300	A19300	N19700	A19700	N04800	A04800	N05800	A05800	N09600	A09600	N05780	A05780	N07100	A07100	N07300	A07300	N07180	A07180	N07230	A07230	N07240	A07240	N07220	A07220	N07260	A07260	N09400	A09400	N85770	A85770	N85775	A85775	N09750	A09750	N10600	A10600	N59660	A59660	N59720	A59720	N11070	A11070	N10960	A10960	N11560	A11560	N06500	A06500	N10300	A10300	N85530	A85530	N85300	A85300	N11901	A11901	N11902	A11902
1	NY	0	1	836320	481570	109790	233260	455560	1356760	525260	26020	16850	9170	5730	11620	255610	149910	10855656	836310	11036309	669770	8646476	92010	59467	43130	72032	38540	47871	12050	5426	146630	805250	35620	34276	37630	233567	105320	1036859	8440	26170	76039	36620	69624	8070	15311	149850	180653	1330	312	20	129	9300	35056	1790	5269	18450	16461	6570	18862	70	119	48140	684258	750503	18850	19401	22170	17269	23020	21117	46390	71306	21150	112549	35650	101007	323310	1804345	326030	193630	0	0	18280	6942	104920	35935	1860	67	6870	2326	31600	16839	31060	5262	29220	8806	950	335	116960	157669	52340	180282	52880	177048	30640	9208	775160	2213539	379980	1151472	350300	1032219	243390	311549	79630	76454	30500	14961	251460	157349	373410	328469	0	0	0	0	61920	48150	732670	1933120
1	NY	0	2	494830	206630	146250	129390	275920	1010990	372110	11210	7020	4200	350	1520	127140	107480	17781527	494830	17960153	427820	14643298	90480	66324	40480	95308	35830	66763	49520	26660	63680	255898	31610	66922	35180	338851	99840	1801746	9130	16060	46355	90510	591341	10930	66571	94730	178626	13350	3223	200	2553	7200	34816	7190	23874	40260	42458	2370	5828	40	83	103590	1574797	3946588	75750	127062	24460	29797	67170	55491	102530	236649	61480	323769	86280	333810	473760	8664688	471990	1053688	0	0	16360	13058	218980	194553	6000	244	30930	17118	48160	50445	74570	14019	124520	109236	12060	5534	38380	83501	21210	68337	23650	78935	30710	13207	484040	2054364	138490	289585	115640	245152	105970	154318	38790	36167	4720	4002	370560	859713	395880	965011	0	0	0	0	73720	107304	415410	1187403
1	NY	0	3	261250	80720	139280	36130	155100	583910	183750	2450	1150	1300	0	0	43050	73400	16060852	261250	16216787	224320	12392305	81420	65157	39370	120444	35840	87021	60710	40575	40690	256170	32230	100439	28750	376580	72280	1797617	9120	7780	25076	62470	934018	11260	120745	68710	155935	8880	2260	150	1753	5390	33842	5330	22653	28940	31668	2190	4997	90	615	99270	1708993	6178830	80760	206067	15850	24062	78170	72465	99010	329018	72220	418994	85000	392782	260080	10265353	259470	1414757	120	256	3860	7004	113320	166645	9390	1008	17830	9655	24380	31478	15580	2437	75870	114224	9040	4638	27000	67761	1490	4843	4940	16568	6670	5230	257520	1746571	0	0	0	0	9300	12373	18540	17221	0	0	247840	1248823	251490	1333418	0	0	0	0	64200	139598	193030	536699
1	NY	0	4	166690	28510	124650	10630	99950	423990	132360	700	420	290	0	0	18430	49990	14458583	166690	14588959	144640	10918456	68800	60620	34490	126405	31300	93253	54490	42453	28630	239715	27830	126599	22790	405860	52970	1620819	5270	4160	13610	41920	840175	9070	151306	49420	130376	8590	2318	50	715	2780	19091	3320	16712	20230	23388	290	603	230	1884	80420	1574521	7065656	68490	239703	9980	18327	70480	75772	80340	358674	64280	424488	71270	391093	166410	10143354	166080	1470162	270	583	570	1530	76460	129751	7400	868	15250	8611	18020	23566	0	0	54950	90674	5710	2484	19380	55850	0	0	630	1977	1100	1349	165010	1676618	0	0	0	0	180	267	12800	11807	0	0	164820	1340376	165320	1414283	0	0	0	0	45460	128823	116440	377177
1	NY	0	5	212660	19520	184320	4830	126860	589490	192840	610	590	20	0	0	11330	65870	28682367	212670	28985528	189120	21190845	116170	144182	69310	373069	64700	290315	108700	114091	40360	643920	59400	513050	33420	889069	72540	2895603	8150	2520	8796	48670	1141767	25030	826621	74580	303161	11400	3004	1310	20238	7250	61525	4830	28617	21530	23261	3470	7099	720	5247	148800	3521562	20700595	135560	738470	10030	23747	138590	204897	148700	1024958	125910	999633	137290	955330	212480	21988199	212180	3791204	1880	4425	90	306	95470	128936	19820	4701	20970	11895	21600	30299	0	0	46120	62456	6590	2542	29540	122389	0	0	140	480	270	459	210980	3953685	0	0	0	0	0	0	19350	18341	0	0	211710	3658071	212000	3820152	420	168	60	31	83330	421004	121570	483682
1	NY	0	6	55360	2950	49260	350	41410	160530	54800	20	20	0	0	0	160	18190	25073515	55360	25509193	48370	12203573	42690	262328	33250	792812	31960	648145	30650	98558	13710	892826	32020	2485448	8800	424435	14120	809375	1010	30	112	10300	281383	22690	4949305	22660	435678	560	137	2820	88531	7690	88335	490	4583	0	0	0	0	1690	57768	51290	2760330	23532678	49270	860728	780	2999	48930	181428	51310	1077108	38790	476430	48550	1075434	55310	21656773	55300	5807261	17080	81941	0	0	20730	50497	14560	19061	2940	1633	0	0	0	0	0	0	780	279	14520	127661	0	0	0	0	0	0	54650	5713814	0	0	0	0	0	0	0	0	0	0	55240	5733042	55300	6027793	22090	39519	27550	95112	28590	791573	15960	250289
1	AL	missing	1	1490	970	230	280	700	2160	700	30	30	0	0	0	360	350	18971	1490	19279	1140	14194	200	172	80	143	70	105	30	9	220	1416	50	10	110	676	240	2309	0	30	78	100	185	0	0	240	308	0	0	0	0	30	75	0	0	40	33	30	85	0	0	120	1696	1763	40	27	60	41	60	42	110	148	70	348	100	261	630	3825	640	409	0	0	30	7	180	56	0	0	0	0	50	24	60	10	60	17	0	0	170	234	100	383	100	351	50	14	1360	3307	520	1499	470	1338	330	411	80	69	60	40	520	352	690	610	0	0	0	0	120	94	1290	2792
1	AL	missing	2	1350	630	360	300	610	2540	830	20	20	0	0	0	340	250	50240	1350	50786	1190	42043	240	140	110	159	100	117	180	86	170	879	80	67	100	1211	240	4161	0	30	96	210	1392	40	363	290	546	30	7	0	0	20	87	30	87	130	126	0	0	0	0	370	5040	14556	280	497	80	93	280	157	370	838	280	1519	310	896	1310	26456	1310	3297	0	0	50	35	570	558	0	0	120	62	110	108	220	37	340	335	30	14	110	217	90	246	80	239	70	29	1330	5673	330	601	270	491	230	308	80	69	30	17	1080	2738	1140	3019	0	0	0	0	210	301	1130	2935
1	AL	missing	3	970	310	490	140	450	2160	700	0	0	0	0	0	210	200	59837	970	60315	890	51076	230	107	100	282	80	212	270	163	130	654	70	144	90	1147	190	4039	0	20	66	160	2404	30	155	270	478	30	7	0	0	20	180	20	64	150	168	0	0	0	0	410	6179	25428	370	985	30	47	330	208	410	1338	330	1929	330	1119	960	38892	960	5452	0	0	20	40	440	691	50	2	100	52	90	112	70	10	330	496	20	6	80	160	0	0	30	76	40	32	960	6708	0	0	0	0	50	48	70	62	0	0	920	4761	930	5009	0	0	0	0	200	376	760	2058
1	AL	missing	4	620	110	470	30	300	1610	520	0	0	0	0	0	90	130	53901	620	54301	580	46221	210	96	110	273	100	210	250	183	80	402	80	295	60	1083	130	3102	0	20	66	100	1814	30	494	210	400	30	8	0	0	0	0	20	100	130	138	0	0	0	0	330	5975	28536	300	1098	30	68	300	202	330	1425	290	1819	290	1482	620	37981	620	5544	0	0	0	0	310	571	0	0	100	55	70	87	0	0	250	400	40	12	60	159	0	0	0	0	0	0	620	6219	0	0	0	0	0	0	50	42	0	0	610	4974	620	5190	0	0	0	0	150	374	460	1390
1	AL	missing	5	620	40	560	20	320	1770	580	0	0	0	0	0	70	140	80056	620	80468	610	69610	280	204	140	163	130	125	360	298	100	1894	100	516	80	2443	150	4554	0	0	0	110	2358	40	930	230	412	40	9	0	0	0	0	0	0	120	131	20	44	0	0	430	9337	57088	420	2252	0	0	410	316	430	2726	400	2784	410	2450	620	61252	620	10309	0	0	0	0	310	439	40	4	120	76	60	80	0	0	190	262	0	0	80	250	0	0	0	0	0	0	620	10634	0	0	0	0	0	0	50	47	0	0	620	9878	620	10129	0	0	0	0	220	854	410	1709
1	AL	missing	6	60	0	50	0	50	150	40	0	0	0	0	0	0	0	17752	60	18072	50	8560	40	165	20	726	20	629	30	89	0	0	30	2044	0	0	0	0	0	0	0	0	0	20	3490	20	320	0	0	0	0	0	0	0	0	0	0	0	0	0	0	50	2436	16403	50	612	0	0	50	84	50	720	40	338	50	1046	60	14713	60	3458	0	0	0	0	0	0	0	0	0	0	0	0	0	0	0	0	0	0	0	0	0	0	0	0	0	0	60	4215	0	0	0	0	0	0	0	0	0	0	60	3439	60	3680	0	0	20	30	30	357	0	0
1	NJ	35005	1	1350	750	190	390	730	2300	890	30	30	0	0	20	470	280	18370	1350	18674	1050	14480	140	77	50	50	40	41	30	10	270	781	30	37	90	547	210	2225	0	50	168	90	167	0	0	230	304	0	0	0	0	0	0	20	47	30	28	20	56	0	0	120	1718	1871	60	48	30	23	70	55	120	154	60	291	110	316	560	3164	560	340	0	0	30	10	210	74	0	0	0	0	60	36	70	11	60	18	0	0	180	251	80	242	80	244	50	16	1270	3719	640	1943	590	1745	390	487	130	122	50	22	420	266	610	545	0	0	0	0	100	74	1200	3243
1	NJ	35005	2	980	370	230	350	530	1970	770	30	30	0	0	0	340	210	34878	980	35087	870	29925	130	107	50	45	40	20	160	78	110	-497	30	44	70	644	190	3384	0	30	120	170	1057	0	0	130	209	30	7	0	0	0	0	0	0	60	76	0	0	0	0	250	3554	9459	190	322	40	58	180	138	250	648	170	716	230	880	940	16862	940	2048	0	0	30	23	480	467	0	0	90	51	120	127	170	29	250	242	60	23	30	56	30	114	40	132	60	27	960	4061	310	611	270	536	200	269	110	105	0	0	730	1581	770	1679	0	0	0	0	100	116	880	2501
1	NJ	35005	3	490	150	210	120	290	1070	370	0	0	0	0	0	110	120	29714	490	29889	450	24659	110	117	40	115	40	96	160	93	60	228	30	18	50	746	110	2273	0	20	80	100	1415	40	450	100	175	20	5	0	0	0	0	0	0	60	67	0	0	0	0	240	4151	14366	190	499	30	49	190	158	240	806	180	918	220	1150	490	18632	490	2582	0	0	0	0	220	328	0	0	40	26	60	86	30	4	140	189	30	22	30	74	0	0	0	0	0	0	490	3287	0	0	0	0	30	42	70	60	0	0	460	2254	460	2373	0	0	0	0	100	226	390	1136
1	NJ	35005	4	250	50	180	40	150	620	180	0	0	0	0	0	60	60	21658	250	21769	240	18085	80	26	40	89	40	62	100	84	30	-40	40	131	20	226	80	2002	0	20	48	50	875	0	0	60	111	0	0	0	0	0	0	0	0	20	20	0	0	0	0	130	2441	11513	110	400	20	36	120	103	130	594	110	584	130	758	250	15329	250	2214	0	0	0	0	100	157	0	0	30	19	20	25	0	0	70	103	30	8	40	29	0	0	0	0	0	0	250	2619	0	0	0	0	0	0	0	0	0	0	250	2057	250	2098	0	0	0	0	50	133	200	650
1	NJ	35005	5	190	0	160	0	110	490	150	0	0	0	0	0	0	50	26307	190	26413	180	18412	70	29	30	60	20	32	90	89	30	100	0	0	30	837	60	2838	0	0	0	40	943	0	0	60	106	0	0	0	0	0	0	0	0	20	29	0	0	0	0	130	3332	18231	110	612	0	0	120	131	130	870	110	551	120	974	190	20309	190	3765	0	0	0	0	80	113	0	0	0	0	30	44	0	0	40	55	0	0	0	0	0	0	0	0	0	0	190	3782	0	0	0	0	0	0	30	28	0	0	190	3651	190	3802	0	0	0	0	80	485	100	373
1	NJ	35005	6	0	0	0	0	0	0	0	0	0	0	0	0	0	0	0	0	0	0	0	0	0	0	0	0	0	0	0	0	0	0	0	0	0	0	0	0	0	0	0	0	0	0	0	0	0	0	0	0	0	0	0	0	0	0	0	0	0	0	0	0	0	0	0	0	0	0	0	0	0	0	0	0	0	0	0	0	0	0	0	0	0	0	0	0	0	0	0	0	0	0	0	0	0	0	0	0	0	0	0	0	0	0	0	0	0	0	0	0	0	0	0	0	0	0	0	0	0	0	0	0	0	0	0	0	0	0	0
1	CA	no data	1	430	260	100	70	240	680	210	0	0	0	0	0	110	110	5814	430	5889	330	4214	50	21	30	48	30	14	0	0	70	498	0	0	20	156	80	788	0	0	0	30	75	20	220	70	75	0	0	0	0	0	0	0	0	0	0	0	0	0	0	20	313	447	0	0	0	0	0	0	20	42	0	0	0	0	180	1133	180	123	0	0	30	13	40	11	0	0	0	0	0	0	0	0	0	0	0	0	60	89	30	110	30	102	20	6	400	1025	170	460	160	392	90	118	0	0	20	15	160	111	220	207	0	0	0	0	30	16	380	835
1	CA	no data	2	340	120	150	70	230	720	240	0	0	0	0	0	70	90	12377	340	12424	300	9611	60	23	0	0	0	0	40	21	30	81	30	36	40	428	80	1685	0	40	120	80	561	0	0	30	47	0	0	0	0	0	0	0	0	30	29	0	0	0	0	60	830	2268	50	72	30	36	50	28	60	107	40	157	60	217	330	5944	330	711	0	0	0	0	140	118	0	0	30	11	30	28	80	14	100	91	0	0	30	48	20	66	20	74	30	13	330	1429	90	185	80	162	80	100	30	24	0	0	270	592	280	626	0	0	0	0	40	45	290	846
1	CA	no data	3	190	30	130	30	120	490	170	0	0	0	0	0	30	40	11544	190	11610	180	9260	50	7	30	35	30	29	30	18	40	300	0	0	0	0	50	1181	0	0	0	40	568	0	0	30	66	0	0	0	0	0	0	0	0	0	0	0	0	0	0	40	679	2645	40	93	0	0	30	23	40	130	30	146	40	174	190	7202	190	966	0	0	0	0	90	150	0	0	0	0	0	0	0	0	80	121	0	0	0	0	0	0	0	0	0	0	190	1311	0	0	0	0	0	0	0	0	0	0	180	816	180	850	0	0	0	0	30	64	160	525
1	CA	35006	4	130	30	100	0	100	330	100	0	0	0	0	0	30	40	10931	130	10983	120	8594	40	12	0	0	0	0	40	36	0	0	20	36	30	1293	40	1065	0	30	117	30	682	0	0	30	52	0	0	0	0	0	0	0	0	20	22	0	0	0	0	50	952	4494	50	162	0	0	50	44	50	240	40	213	50	213	130	7728	130	1105	0	0	0	0	50	79	0	0	0	0	20	37	0	0	40	70	0	0	30	39	0	0	0	0	0	0	130	1362	0	0	0	0	0	0	20	24	0	0	130	1026	130	1060	0	0	0	0	30	65	100	357
1	CA	35006	5	140	0	130	0	100	420	140	0	0	0	0	0	0	30	18749	140	18789	130	14700	60	21	20	18	20	8	70	60	20	110	0	0	0	0	40	1220	0	0	0	30	557	0	0	30	40	0	0	0	0	0	0	0	0	0	0	0	0	0	0	80	1586	11542	80	426	0	0	80	82	80	589	70	398	80	418	140	14712	140	2571	0	0	0	0	70	99	0	0	0	0	0	0	0	0	50	63	0	0	0	0	0	0	0	0	0	0	140	2706	0	0	0	0	0	0	0	0	0	0	140	2472	140	2547	0	0	0	0	50	204	90	342
1	CA	35006	6	0	0	0	0	0	0	0	0	0	0	0	0	0	0	0	0	0	0	0	0	0	0	0	0	0	0	0	0	0	0	0	0	0	0	0	0	0	0	0	0	0	0	0	0	0	0	0	0	0	0	0	0	0	0	0	0	0	0	0	0	0	0	0	0	0	0	0	0	0	0	0	0	0	0	0	0	0	0	0	0	0	0	0	0	0	0	0	0	0	0	0	0	0	0	0	0	0	0	0	0	0	0	0	0	0	0	0	0	0	0	0	0	0	0	0	0	0	0	0	0	0	0	0	0	0	0	0
1	CA	35007	1	4170	2750	560	780	1690	5820	2010	90	50	40	20	0	760	680	50233	4170	51343	3200	38565	440	230	260	298	220	157	100	44	880	5505	190	62	220	1539	430	3875	0	80	226	200	364	50	282	920	1110	20	4	0	0	60	228	0	0	160	151	40	85	0	0	320	4438	4767	130	135	140	109	160	146	310	448	190	1039	240	614	1670	9927	1690	1068	0	0	80	29	430	149	0	0	30	10	140	72	140	23	120	41	0	0	720	981	240	883	240	862	190	63	3720	8308	1290	3681	1130	3114	920	1176	270	236	150	90	1390	918	2070	1978	0	0	0	0	480	374	3430	6736
1	CA	35007	2	2700	1160	840	590	1190	5620	2090	90	40	50	0	0	580	530	98359	2700	99682	2340	81090	460	306	240	416	200	262	370	181	470	3199	190	329	220	2489	460	7244	0	70	217	440	3043	70	665	700	1323	60	14	0	0	70	313	50	179	290	315	20	70	0	0	710	10319	27514	550	910	150	178	530	497	710	1737	520	2955	570	1959	2560	48032	2550	5903	0	0	80	61	1170	1102	40	1	170	102	260	283	360	60	670	629	60	21	320	733	120	425	130	494	200	96	2630	10854	690	1389	560	1096	560	849	220	203	50	43	2010	4801	2240	5667	0	0	0	0	460	667	2210	5858
1	CA	35007	3	1840	570	950	260	880	4310	1520	0	0	0	0	0	300	380	113583	1840	114891	1680	93631	460	324	250	484	230	279	580	351	310	2764	180	165	170	2903	370	7710	30	50	193	300	4660	90	1097	590	1308	70	19	0	0	40	299	40	127	290	318	30	86	0	0	820	13240	51049	730	1993	70	104	680	617	820	2911	670	3750	710	2838	1840	72138	1840	10079	0	0	30	54	860	1364	30	1	180	93	180	253	130	20	630	953	60	26	220	552	30	96	40	149	50	32	1810	12147	0	0	0	0	100	151	150	143	0	0	1730	8714	1770	9372	0	0	0	0	450	1038	1380	3738
1	CA	35007	4	1440	190	1140	80	660	3980	1390	0	0	0	0	0	190	360	125444	1440	126631	1330	102304	470	209	270	577	250	366	550	394	260	2103	200	630	200	3895	350	8293	0	40	146	280	5980	80	1499	480	1187	70	17	0	0	40	213	40	183	240	292	0	0	30	213	760	14261	66224	670	2389	70	141	690	719	750	3475	660	4191	670	3299	1440	86776	1440	12463	0	0	30	63	740	1393	40	2	180	103	170	228	0	0	570	999	50	24	180	501	0	0	30	79	30	28	1430	13899	0	0	0	0	20	29	120	122	0	0	1420	11070	1420	11664	0	0	0	0	400	1040	1020	3216
1	CA	35007	5	1780	130	1590	70	850	5290	1920	0	0	0	0	0	120	390	232941	1780	234851	1700	194393	790	482	460	1764	420	1481	1030	955	320	4490	330	1552	200	5771	440	13804	0	50	161	290	6873	130	3309	650	1910	100	26	0	0	50	416	60	286	290	302	40	72	0	0	1270	27934	170146	1210	6448	60	128	1200	1475	1270	8567	1170	8388	1200	7410	1780	177460	1780	30115	30	54	0	0	880	1302	90	8	250	146	270	402	0	0	480	673	100	28	240	768	0	0	0	0	0	0	1770	30771	0	0	0	0	0	0	240	248	0	0	1780	28813	1780	29869	0	0	0	0	720	2839	1020	3571
1	CA	35007	6	240	0	220	0	160	740	280	0	0	0	0	0	0	80	72724	240	74116	220	44668	160	319	120	407	110	343	150	263	60	4655	90	4152	50	1737	70	3575	0	0	0	40	1020	70	12231	90	1392	0	0	0	0	30	388	0	0	0	0	0	0	0	0	230	8431	68748	220	2410	0	0	220	465	230	3042	200	1940	220	2866	240	61694	240	14787	60	169	0	0	70	73	30	2	30	14	0	0	0	0	0	0	0	0	50	399	0	0	0	0	0	0	240	12971	0	0	0	0	0	0	0	0	0	0	240	14714	240	15369	70	63	90	119	140	3185	80	518
1	CA	35210	1	3830	1920	500	1350	1760	6610	2750	320	160	160	80	90	1250	650	51103	3830	51728	3220	42636	370	342	170	392	150	253	60	29	490	2312	160	72	200	1216	470	3926	30	160	517	170	298	0	0	490	625	0	0	0	0	50	166	0	0	60	63	20	63	0	0	180	2661	2728	70	68	90	87	100	59	180	270	90	403	150	451	1430	7637	1470	828	0	0	100	37	490	157	0	0	50	15	110	56	150	25	190	59	0	0	380	481	240	761	240	768	180	49	3590	10980	1920	5851	1820	5485	1290	1611	300	297	120	49	1090	670	1520	1221	0	0	0	0	230	158	3420	9913
1	FL	35210	2	2170	750	630	730	1130	4930	2130	150	70	80	0	0	640	430	76070	2170	76755	1910	63927	330	379	150	346	130	243	140	78	230	1028	110	88	160	1366	380	6341	0	80	147	390	2403	50	427	330	685	50	14	0	0	30	158	50	160	130	143	20	46	0	0	330	5389	12482	240	404	80	95	230	214	330	790	200	1083	280	1175	2060	34204	2060	4106	0	0	70	46	1010	876	0	0	180	95	150	157	330	66	630	524	50	28	130	303	90	284	100	328	130	55	2150	9291	670	1402	560	1207	580	1003	140	124	40	25	1530	3230	1630	3646	0	0	0	0	260	339	1890	5984
1	FL	35210	3	890	230	530	130	530	2060	630	70	20	40	0	0	130	260	54949	890	55374	750	41264	270	301	140	534	120	368	160	84	120	1009	120	535	120	1548	240	5455	40	20	62	260	3939	40	333	240	425	40	10	0	0	30	181	0	0	110	108	0	0	0	0	280	5090	17456	200	449	70	119	230	202	280	848	190	1105	240	1472	890	34818	880	4688	0	0	30	51	380	546	40	3	90	53	70	86	70	11	250	370	40	23	100	242	20	54	30	108	40	30	880	5819	0	0	0	0	30	48	60	48	0	0	860	4143	860	4434	0	0	0	0	220	461	650	1788
1	FL	35210	2	1140	510	170	420	580	2310	1000	70	70	0	0	0	390	180	40057	1140	40397	1060	36536	100	56	60	108	50	78	130	65	150	-62	40	42	40	496	160	2337	0	30	91	110	677	0	0	210	340	50	12	0	0	40	142	40	139	110	117	40	111	0	0	270	3716	10430	210	372	50	87	150	151	270	682	150	619	240	979	1100	19919	1100	2455	0	0	50	37	550	517	0	0	80	52	150	171	200	32	270	231	60	36	60	125	50	141	70	169	70	37	1130	4709	340	717	300	642	280	410	110	110	0	0	820	1938	860	2101	0	0	0	0	160	224	980	2836
1	FL	35210	3	390	210	90	90	170	700	220	0	0	0	0	0	80	80	23319	390	23607	360	19755	90	34	60	136	50	119	120	67	60	839	40	180	30	395	70	1368	0	0	0	50	618	50	621	130	288	0	0	0	0	0	0	0	0	70	84	0	0	0	0	200	2880	12170	180	471	20	30	160	194	190	735	150	825	170	695	390	15959	380	2331	0	0	0	0	130	197	40	1	40	25	50	66	0	0	70	114	0	0	50	127	0	0	0	0	0	0	380	2736	0	0	0	0	0	0	30	26	0	0	370	2134	370	2276	0	0	0	0	100	283	280	740
1	FL	35212	4	230	90	120	0	100	440	90	0	0	0	0	0	20	40	19731	230	20032	220	16807	90	17	60	110	50	88	100	65	50	683	40	261	0	0	50	1034	0	0	0	20	375	0	0	90	301	30	6	0	0	20	130	0	0	50	58	0	0	0	0	140	2293	12110	130	502	0	0	130	157	140	716	120	737	120	532	230	14696	230	2319	0	0	0	0	70	95	0	0	0	0	0	0	0	0	40	68	20	5	40	150	0	0	0	0	0	0	220	2559	0	0	0	0	0	0	0	0	0	0	230	2224	230	2396	0	0	0	0	80	237	150	381
1	FL	35212	5	220	70	140	0	120	460	100	0	0	0	0	0	20	50	29445	220	29950	210	23990	110	45	80	255	70	206	120	108	50	1165	60	431	30	573	50	1567	0	0	0	20	543	50	2912	130	505	0	0	0	0	0	0	0	0	50	52	0	0	0	0	180	3609	24017	170	986	0	0	160	269	180	1343	150	1087	150	683	220	23495	220	4346	0	0	0	0	90	95	40	2	30	16	0	0	0	0	40	41	0	0	50	228	0	0	0	0	0	0	220	4573	0	0	0	0	0	0	0	0	0	0	220	4251	220	4498	0	0	0	0	110	669	130	563
1	FL	35212	6	40	0	30	0	20	80	20	0	0	0	0	0	0	0	11009	40	11009	30	6988	30	31	30	230	30	216	20	35	0	0	20	649	0	0	0	0	0	0	0	0	0	0	0	0	0	0	0	0	0	0	0	0	0	0	0	0	0	0	0	40	1314	11009	30	440	0	0	30	82	40	537	30	198	30	365	40	9449	40	2204	0	0	0	0	20	6	0	0	0	0	0	0	0	0	0	0	0	0	0	0	0	0	0	0	0	0	40	2355	0	0	0	0	0	0	0	0	0	0	40	2183	40	2300	0	0	0	0	0	0	0	0
1	FL	35213	1	1520	1340	80	70	980	1070	160	40	40	0	0	0	90	280	15326	1520	15899	910	9320	430	252	680	1699	650	1354	40	27	180	1094	590	1027	110	796	140	1370	0	30	106	90	216	100	-155	290	573	0	0	0	0	40	157	0	0	50	76	40	130	20	48	200	2781	2692	90	135	90	75	100	294	190	535	80	476	120	251	880	4898	740	511	0	0	20	7	260	81	150	6	30	16	70	60	50	9	0	0	0	0	180	215	70	254	70	250	0	0	1080	1758	170	286	150	241	60	87	60	57	60	35	650	431	770	662	0	0	0	0	300	217	870	1160
1	FL	35213	2	980	740	110	90	470	1280	210	0	0	0	0	0	120	200	36683	980	37478	770	27396	310	357	340	1612	330	1224	100	49	140	1644	290	791	110	929	140	2262	0	0	0	160	1387	60	245	320	795	30	7	0	0	40	172	40	116	150	213	20	59	0	0	270	4675	10537	190	368	80	88	210	565	270	1093	170	1044	210	628	940	22344	920	2788	0	0	40	34	280	192	90	6	0	0	90	98	70	13	70	55	30	7	120	298	50	121	50	141	50	14	920	4147	70	134	50	96	50	71	40	28	0	0	870	2596	900	2946	0	0	0	0	210	403	710	1418
1	FL	35213	3	730	470	180	50	410	1100	200	0	0	0	0	0	70	220	44993	730	45911	570	30239	330	452	340	2598	330	1934	170	108	110	1530	290	1285	120	1650	160	3612	20	30	80	190	3092	70	391	250	918	30	7	0	0	40	212	30	90	110	150	0	0	0	0	350	6799	21886	270	759	80	112	290	890	350	1856	240	1675	300	1132	720	30902	700	4430	0	0	20	61	230	211	110	9	20	12	50	67	20	3	80	105	0	0	90	310	0	0	20	81	20	35	710	5519	0	0	0	0	20	27	40	39	0	0	690	4219	700	4549	0	0	0	0	190	464	490	1237
1	FL	35213	4	500	210	240	30	290	970	240	0	0	0	0	0	30	170	43593	500	44550	380	28606	250	470	260	2695	250	2107	190	147	90	2165	220	1941	90	1700	110	2914	0	0	0	130	2709	80	1250	170	957	0	0	0	0	40	276	20	102	60	76	0	0	0	0	340	7701	29830	280	1245	50	103	300	1080	340	2556	240	1943	290	1347	490	30694	480	4684	0	0	0	0	210	243	100	9	30	13	40	50	0	0	100	152	0	0	80	416	0	0	0	0	0	0	480	6619	0	0	0	0	0	0	0	0	0	0	480	4441	480	4920	0	0	0	0	180	773	280	1046
1	FL	35213	5	1220	290	860	40	840	2990	910	0	0	0	0	0	50	440	174484	1220	178146	940	102499	830	1988	790	12087	780	9921	600	744	320	9286	740	8968	320	11751	290	10170	0	0	0	360	9430	350	8261	510	3662	30	8	60	815	130	1158	40	230	100	128	20	47	30	126	1050	31094	152847	950	5795	100	221	990	4863	1050	11402	770	8619	970	6522	1220	129521	1210	22205	50	135	0	0	620	496	370	76	110	62	60	78	0	0	170	196	30	11	310	1849	0	0	0	0	0	0	1200	25379	0	0	0	0	0	0	50	43	0	0	1200	21708	1210	23719	0	0	0	0	490	2984	560	3095
1	FL	35213	6	1750	160	1540	20	1520	5440	2160	0	0	0	0	0	0	590	1152228	1750	1180494	1390	470136	1530	14409	1450	74414	1420	63896	840	4636	510	39444	1410	181222	410	23134	320	16173	30	0	0	380	11397	1090	306524	940	28266	0	0	270	10575	440	5588	20	180	0	0	0	0	140	4930	1720	154711	1140015	1660	43332	50	163	1670	15017	1720	59983	1260	22437	1680	69805	1740	988475	1740	279873	930	6107	0	0	1060	2226	900	894	140	78	0	0	0	0	0	0	40	16	720	9610	0	0	0	0	0	0	1730	304585	0	0	0	0	0	0	0	0	0	0	1740	280051	1740	299399	1040	2778	1290	8562	840	32986	460	14099
1	NC	35214	1	3730	2020	280	1360	2040	6320	2690	230	210	20	60	50	1540	680	51236	3730	51936	3090	43768	250	145	90	104	70	72	90	50	710	1143	50	41	130	849	520	5168	0	130	401	190	341	20	10	610	700	20	5	0	0	30	145	20	45	100	92	40	108	0	0	270	3553	4456	140	124	90	77	130	112	260	416	140	655	250	780	1530	8298	1570	896	0	0	90	31	620	238	0	0	80	26	210	114	180	31	170	56	30	9	450	597	220	614	230	648	130	36	3550	11423	1980	6320	1860	5821	1250	1570	520	516	120	41	1080	657	1590	1313	0	0	0	0	220	188	3410	10351
1	NC	35214	2	2560	1090	380	1010	1370	4840	1900	110	110	0	20	20	920	620	91744	2560	92358	2230	76173	270	141	110	188	90	143	370	203	290	-1523	60	27	140	1175	640	12089	0	50	187	470	3464	0	0	390	614	60	15	0	0	0	0	50	148	200	225	0	0	0	0	790	10948	30176	580	1013	160	194	520	451	780	1909	500	2241	730	3271	2500	45993	2500	5642	0	0	70	65	1200	1206	0	0	230	140	380	429	350	64	570	492	100	75	70	120	90	206	90	227	70	28	2520	10363	760	1547	650	1362	490	609	330	320	30	10	1950	4436	2050	4655	0	0	0	0	350	413	2200	6111
1	NC	35214	3	1100	410	320	320	640	2150	740	50	50	0	0	0	270	360	66542	1100	66958	950	50373	200	133	90	142	80	101	390	258	160	259	50	81	120	1550	380	9665	0	30	101	290	4274	20	29	240	416	40	9	0	0	0	0	40	133	130	141	20	53	0	0	630	10575	38230	500	1327	110	176	500	443	630	2204	470	2322	590	3321	1090	42923	1090	6060	0	0	0	0	410	610	40	0	80	42	130	199	40	6	230	302	70	43	70	150	0	0	20	64	20	23	1090	7306	0	0	0	0	30	55	110	116	0	0	1050	5450	1060	5675	0	0	0	0	300	620	790	2240
1	NC	35214	4	480	110	270	90	270	1070	320	0	0	0	0	0	90	190	41150	480	41298	420	29144	150	96	80	109	70	90	200	160	60	127	40	143	60	1371	220	7050	0	30	75	160	3119	0	0	100	148	20	6	0	0	0	0	0	0	40	41	0	0	0	0	310	6199	26394	240	878	50	138	260	274	310	1466	240	1300	300	2128	480	28583	470	4305	0	0	0	0	180	287	0	0	40	18	40	67	0	0	100	141	50	34	30	70	0	0	0	0	0	0	470	4797	0	0	0	0	0	0	30	34	0	0	470	4018	470	4128	0	0	0	0	140	388	340	1053
1	NC	35214	5	430	60	360	40	270	1100	350	0	0	0	0	0	60	200	54855	430	55156	380	38776	210	252	100	247	90	180	280	306	80	351	60	361	90	2505	220	10283	0	0	0	150	3399	20	826	130	301	30	7	0	0	0	0	0	0	60	83	0	0	0	0	350	8585	44781	320	1677	40	101	340	356	350	2190	310	1695	350	3597	430	40828	430	7023	0	0	0	0	160	279	0	0	30	20	50	95	0	0	70	80	30	30	40	100	0	0	0	0	0	0	430	7208	0	0	0	0	0	0	50	50	0	0	430	6746	430	6894	0	0	0	0	190	997	260	1018
1	NC	35214	6	30	0	0	0	0	60	0	0	0	0	0	0	0	0	6955	30	6955	20	2263	0	0	0	0	0	0	0	0	0	0	0	0	0	0	0	0	0	0	0	0	0	0	0	0	0	0	0	0	0	0	0	0	0	0	0	0	0	0	0	20	1062	4674	0	0	0	0	0	0	20	167	0	0	0	0	30	5589	30	1284	0	0	0	0	0	0	0	0	0	0	0	0	0	0	0	0	0	0	0	0	0	0	0	0	0	0	30	861	0	0	0	0	0	0	0	0	0	0	30	1281	30	1320	0	0	0	0	0	0	0	0
1	NC	35215	1	10600	5320	660	4470	5910	19820	9560	410	390	30	140	190	4870	1160	145698	10600	147432	9250	130952	490	274	210	336	180	172	240	93	2070	4079	140	132	290	1736	920	8063	0	330	963	280	558	30	121	1750	1734	40	11	0	0	50	116	50	99	260	264	70	225	0	0	630	8051	10335	370	397	180	138	300	243	620	1138	340	1652	510	1566	3780	19849	3840	2127	0	0	180	57	1660	603	0	0	240	86	550	279	430	71	530	151	30	13	1340	1724	550	1502	560	1486	430	140	10220	37494	6270	22088	5970	20474	4510	6089	1670	1647	330	119	2510	1523	4130	3464	0	0	0	0	560	381	9820	34532
1	NC	35215	2	6080	2270	920	2700	3190	13060	6070	220	200	30	50	80	2290	920	216033	6080	217550	5640	197140	520	331	260	407	220	280	910	496	790	-2782	160	235	260	2394	960	13999	0	140	436	650	4129	40	214	960	1517	120	29	0	0	20	80	80	284	520	527	40	92	0	0	1760	25023	67107	1500	2699	210	286	1140	974	1750	4618	1180	5446	1560	6287	5870	101562	5870	12348	0	0	140	87	3320	3242	40	1	740	434	840	929	1030	172	1800	1532	210	159	230	479	170	435	190	527	250	111	6000	25370	2220	4583	1910	4011	1710	2521	770	769	50	29	4110	9106	4400	9862	0	0	0	0	770	1108	5290	16626
1	NC	35215	3	2270	840	680	650	1230	4660	1710	50	50	0	0	0	580	530	137598	2270	138495	2100	116711	420	313	190	386	170	273	800	521	320	-23	120	132	170	1949	570	11969	0	60	174	390	5711	40	488	560	897	100	24	0	0	30	155	60	166	300	329	30	82	0	0	1280	21285	77906	1130	3052	120	254	1030	902	1280	4657	1010	4645	1190	6109	2270	87633	2270	12358	0	0	50	86	980	1527	50	3	210	124	270	381	90	14	600	827	150	149	120	225	20	75	50	175	40	29	2250	14969	0	0	0	0	110	145	230	226	0	0	2160	10831	2180	11185	0	0	0	0	530	1106	1730	4847
1	NC	35215	4	940	200	570	140	510	2210	690	0	0	0	0	0	200	270	80728	940	81187	870	65681	270	131	110	264	100	217	430	367	160	555	70	284	90	1701	290	7318	0	30	92	210	4130	0	0	230	459	30	8	0	0	0	0	30	157	110	122	0	0	0	0	590	12020	50418	530	1995	40	108	510	480	590	2817	500	2752	550	3799	940	55688	940	8319	0	0	0	0	390	653	0	0	90	52	120	157	0	0	250	368	60	59	80	181	0	0	0	0	20	28	930	9340	0	0	0	0	0	0	90	84	0	0	930	7665	930	7949	0	0	0	0	270	732	660	2115
1	NC	35215	5	760	110	600	50	430	1970	610	0	0	0	0	0	100	250	95751	760	96335	710	74538	290	109	150	721	120	557	420	413	120	1040	90	1658	100	2587	330	11587	0	20	69	180	4140	40	1169	240	584	40	10	0	0	0	0	0	0	120	147	30	60	0	0	570	13133	72552	530	2730	30	76	520	547	570	3631	490	2739	550	4667	760	72462	760	12427	30	100	0	0	310	458	20	4	90	50	100	135	0	0	160	210	60	25	70	189	0	0	0	0	0	0	750	12500	0	0	0	0	0	0	80	77	0	0	750	11974	760	12392	0	0	0	0	300	1323	450	1439
1	NC	35215	6	50	0	40	0	30	120	40	0	0	0	0	0	0	30	19468	50	19468	40	6050	30	65	0	0	0	0	20	43	0	0	0	0	0	0	30	2815	0	0	0	0	0	0	0	0	0	0	0	0	0	0	0	0	0	0	0	0	0	0	0	40	1788	10761	30	303	0	0	40	88	40	597	30	200	40	711	50	15978	50	2467	0	0	0	0	0	0	0	0	0	0	0	0	0	0	0	0	0	0	0	0	0	0	0	0	0	0	50	1799	0	0	0	0	0	0	0	0	0	0	50	2444	50	2521	0	0	0	0	40	815	0	0
1	NC	35216	1	5610	3750	500	1260	2730	8080	3020	180	140	40	50	50	1210	820	70719	5610	72495	4330	57279	730	610	670	1616	610	1086	90	38	1090	5258	580	398	340	2131	500	4191	20	120	390	250	520	90	-188	1160	1776	0	0	20	129	90	377	30	109	210	222	100	325	0	0	430	7198	6406	170	233	220	158	200	423	420	1057	160	960	310	828	2460	14427	2400	1553	0	0	140	41	880	340	70	6	90	30	340	205	210	31	210	61	0	0	820	1141	380	1067	380	1079	210	63	4930	12180	1920	5384	1720	4844	1400	1852	580	560	220	106	1800	1213	2590	2454	0	0	0	0	700	618	4500	10297
